,0HNO301TODGAX,0HNO301TODGAY,01HNO301TODGAX,01HNO301TODGAY,3HNO301TODGAX,3HNO301TODGAY,6HNO301TODGAX,6HNO301TODGAY,0HNO301TODGAXX,0HNO301TODGAYYX,0HNO301TODGAYlog,01HNO301TODGAXX,01HNO301TODGAYYX,01HNO301TODGAYlog,3HNO301TODGAXX,3HNO301TODGAYYX,3HNO301TODGAYlog,6HNO301TODGAXX,6HNO301TODGAYYX,6HNO301TODGAYlog,Calculated Rg
0,0.0172655546530812,0.4781804724081485,0.0173913254030334,0.6105402296585333,0.0173913254030334,1.4225293134853705,0.0176456221038966,3.1033927033743924,0.00029809937747853386,0.008256051080399073,-0.7377670604082954,0.0003024581992741949,0.010618103805634296,-0.4934110913558662,0.0003024581992741949,0.024739670186177787,0.3524364938256198,0.00031136797943352425,0.0547612948837346,1.1324959334929907,7.984302503319864 error[0.00259412]      0HNO301TODGAYlog
1,0.0180340559970343,0.4737074381631191,0.0177741614511676,0.6105402296585333,0.017903637141952,1.4225293134853705,0.017903637141952,3.1033927033743924,0.00032522717570416875,0.008542866466045353,-0.7471653669103121,0.00031592081529217234,0.010851840614383716,-0.4934110913558662,0.00032054022291068315,0.025468448652432158,0.3524364938256198,0.00032054022291068315,0.055562016870196594,1.1324959334929907,8.845510677109388 error[0.00116054]      01HNO301TODGAYlog
2,0.0189739800546479,0.4737074381631191,0.018431040503375,0.6105402296585333,0.018431040503375,1.4225293134853705,0.0182977507320213,3.1033927033743924,0.0003600119191141763,0.008988115483445375,-0.7471653669103121,0.0003397032540370498,0.011252891701776301,-0.4934110913558662,0.0003397032540370498,0.026218695394087096,0.3524364938256198,0.000334807681851186,0.05678510610991835,1.1324959334929907,12.700603774965273 error[0.00430534]      3HNO301TODGAYlog
3,0.0195329134591317,0.4781804724081485,0.0192514183992434,0.6105402296585333,0.019112195811338,1.4225293134853705,0.0188367638479617,3.0743626976778837,0.0003815347082019283,0.009340257785395078,-0.7377670604082954,0.0003706171103827274,0.011753765410726579,-0.4934110913558662,0.0003652760287309257,0.027187658786700618,0.3524364938256198,0.0003548236722638769,0.05791104411914077,1.1230976269909743,21.80071624187872 error[0.01028333]      6HNO301TODGAYlog
4,0.0202547906467074,0.4781804724081485,0.0198185245517766,0.6105402296585333,0.0195329134591317,1.4225293134853705,0.0195329134591317,3.0456042467961506,0.0004102565441419456,0.009685445359970693,-0.7377670604082954,0.0003927739154093719,0.012100006531334966,-0.4934110913558662,0.0003815347082019283,0.02778614197338777,0.3524364938256198,0.0003815347082019283,0.059489524183433194,1.1136993204889578,
5,0.0207006602873052,0.4781804724081485,0.020402336454586,0.6105402296585333,0.0199628923839086,1.4225293134853705,0.0202547906467074,3.0456042467961506,0.0004285173363304146,0.0098986515153442,-0.7377670604082954,0.0004162553328061289,0.012456447184553602,-0.4934110913558662,0.0003985170723315159,0.02839779959806383,0.3524364938256198,0.0004102565441419456,0.06168807641157901,1.1136993204889578,
6,0.0210033462238143,0.4781804724081485,0.0210033462238143,0.6048290651237764,0.0205509570583388,1.4225293134853705,0.020851454027857,3.0171148105292973,0.0004411405525974144,0.010043390019455423,-0.7377670604082954,0.0004411405525974144,0.012703434261020602,-0.5028093978578828,0.0004223418360136854,0.029234338835666025,0.3524364938256198,0.00043478313507583393,0.06291123076851812,1.1043010139869414,
7,0.0214656938528522,0.4781804724081485,0.0216220604723071,0.6105402296585333,0.0211563448768638,1.4225293134853705,0.0213104580469805,2.9888918724391704,0.0004607760125843767,0.010264475627125553,-0.7377670604082954,0.0004675134990681052,0.013201137766453073,-0.4934110913558662,0.0004475909285488012,0.030095520753544797,0.3524364938256198,0.00045413562217211595,0.06369465485457594,1.0949027074849247,
8,0.0219382191615702,0.4737074381631191,0.0224211461917005,0.6105402296585333,0.0217795661427448,1.409222575337463,0.0227489891463913,2.9888918724391704,0.0004812854599810859,0.010392297596888471,-0.7471653669103121,0.0005027077965496058,0.01368901174508837,-0.4934110913558662,0.00047434950136619557,0.03069225628941144,0.3430381873236035,0.0005175165071826291,0.06799426876585586,1.0949027074849247,
9,0.0222590007366551,0.4737074381631191,0.0237615618139861,0.6105402296585333,0.0220980278866304,1.409222575337463,0.0234191263508965,2.9609329396270865,0.0004954631137944123,0.010544254215031868,-0.7471653669103121,0.0005646118198398824,0.01450738940695651,-0.4934110913558662,0.0004883228364782949,0.03114103976827637,0.3430381873236035,0.0005484554790392549,0.06934246262965814,1.0855044009829082,
10,0.0225844727935954,0.4737074381631191,0.0244615272720657,0.6048290651237764,0.0229147039168163,1.409222575337463,0.0241090043830038,2.933235542513633,0.0005100584113646508,0.010698432749318738,-0.7471653669103121,0.000598366316482014,0.014795042671463258,-0.5028093978578828,0.0005250836555953563,0.032291918066751316,0.3430381873236035,0.0005812440923396964,0.0707173885508437,1.0761060944808916,
11,0.0239346526592806,0.4737074381631191,0.0251821122351399,0.6105402296585333,0.023589722728688,1.409222575337463,0.0246397170083238,2.933235542513633,0.0005728675979204079,0.011338022994551899,-0.7471653669103121,0.0006341387766231827,0.015374692587329276,-0.4934110913558662,0.0005564750184163792,0.03324316981521839,0.3430381873236035,0.0006071156542502811,0.07227409368629305,1.0761060944808916,
12,0.0244615272720657,0.4737074381631191,0.026112766660838,0.6048290651237764,0.0239346526592806,1.409222575337463,0.025,2.9057972346205374,0.000598366316482014,0.011587607417607514,-0.7471653669103121,0.0006818765826833727,0.015793760247269965,-0.5028093978578828,0.0005728675979204079,0.03372925286031906,0.3430381873236035,0.0006250000000000001,0.07264493086551344,1.066707787978875,
13,0.0253655510649274,0.4737074381631191,0.0268819936510739,0.6048290651237764,0.025,1.396040312150077,0.0259239241103049,2.8786155923545707,0.0006434111808274396,0.012015850212562537,-0.7471653669103121,0.0007226415826563775,0.01625901108864232,-0.5028093978578828,0.0006250000000000001,0.03490100780375193,0.33363988082158713,0.0006720498412768477,0.07462501215894028,1.0573094814768584,
14,0.0259239241103049,0.4737074381631191,0.0276738804448532,0.6048290651237764,0.0263029848329297,1.3829813595495222,0.0263029848329297,2.8786155923545707,0.0006720498412768477,0.012280355677427652,-0.7471653669103121,0.0007658436588760284,0.01673796723780772,-0.5028093978578828,0.0006918470111213298,0.03637653772445558,0.3242415743195702,0.0006918470111213298,0.07571618226553721,1.0573094814768584,
15,0.0268819936510739,0.4737074381631191,0.0280785291035449,0.6048290651237764,0.0278754705337656,1.3700445640539882,0.0266875881975876,2.851688214793476,0.0007226415826563775,0.01273420034516745,-0.7471653669103121,0.000788403796618618,0.01698271050774781,-0.5028093978578828,0.0007770418574788343,0.038190636875232685,0.3148432678175539,0.000712227363804017,0.07610468074432203,1.0479111749748422,
16,0.0284890945521608,0.4692762459348841,0.0286966230596011,0.5991713244237786,0.029757163136765,1.396040312150077,0.0278754705337656,2.851688214793476,0.0008116285084019581,0.013369255341521977,-0.7565636734123287,0.0008234961750248295,0.017194193645111138,-0.5122077043598995,0.0008854887579480457,0.04154219931415017,0.33363988082158713,0.0007770418574788343,0.07949215080296217,1.0479111749748422,
17,0.0293283231464166,0.4692762459348841,0.0295419650056607,0.5991713244237786,0.0306337463550413,1.3829813595495222,0.0289056633062552,2.798586762181277,0.0008601505385806358,0.013763085385715551,-0.7565636734123287,0.0008727276963956815,0.01770069829852264,-0.5122077043598995,0.000938426415745006,0.04236590018219023,0.3242415743195702,0.0008355373711745883,0.08089500668095488,1.0291145619708089,
18,0.0295419650056607,0.4692762459348841,0.029757163136765,0.5991713244237786,0.0322303586300987,1.3700445640539882,0.0295419650056607,2.7724079967417774,0.0008727276963956815,0.013863342435396171,-0.7565636734123287,0.0008854887579480457,0.017829638847749928,-0.5122077043598995,0.001038796017424778,0.04415702763867727,0.3148432678175539,0.0008727276963956815,0.08190238002115947,1.0197162554687926,
19,0.0301922736437196,0.4692762459348841,0.0308568975558184,0.5991713244237786,0.0344060215432256,1.344532884299762,0.0301922736437196,2.7724079967417774,0.0009115733877772453,0.014168516831763478,-0.7565636734123287,0.0009521481267702715,0.018488568176128567,-0.5122077043598995,0.001183774318432904,0.04626002738279286,0.2960466548135209,0.0009115733877772453,0.08370530088966423,1.0197162554687926,
20,0.0308568975558184,0.4692762459348841,0.0313080884262938,0.5991713244237786,0.0354195503179219,1.331955746624622,0.0310816742991534,2.720782825695045,0.0009521481267702715,0.014480409046191758,-0.7565636734123287,0.0009801964009086316,0.01875890880755923,-0.5122077043598995,0.0012545445447238012,0.04717727358881603,0.2866483483115045,0.000966070477238653,0.08456648562698364,1.0009196424647595,
21,0.0324651403360783,0.4648865043214836,0.0319972748206595,0.5991713244237786,0.0367285493785173,1.319496259022564,0.0319972748206595,2.695331860097617,0.0010539853370412583,0.015092605603145836,-0.7659619799143453,0.0010238255959488104,0.019171849532246175,-0.5122077043598995,0.0013489863394501836,0.0484631835042791,0.277250041809488,0.0010238255959488104,0.08624327426042282,0.991521335962743,
22,0.0329398470009932,0.4648865043214836,0.0339101853682949,0.5991713244237786,0.0383633615884916,1.3071533209618096,0.0327016323069077,2.695331860097617,0.0010850335204488407,0.015313290325176233,-0.7659619799143453,0.0011499006717121214,0.02031801067857709,-0.5122077043598995,0.001471747512369353,0.05014679550365552,0.26785173530747125,0.0010693967555361896,0.08814175143400586,0.991521335962743,
23,0.034656651842646,0.4648865043214836,0.0344060215432256,0.5935665078170069,0.0406568593765591,1.3071533209618096,0.0334214948469836,2.670118969970133,0.0012010835169423784,0.0161114097266144,-0.7659619799143453,0.001183774318432904,0.020422262055289127,-0.521606010861916,0.0016529802143653016,0.053144748753946515,0.26785173530747125,0.0011169963178069512,0.08923936739568995,0.9821230294607265,
24,0.0359374564914406,0.4648865043214836,0.0359374564914406,0.5935665078170069,0.0421594134816503,1.3071533209618096,0.0341572037543521,2.6451419282878783,0.0012915007790741864,0.01670683852251123,-0.7659619799143453,0.0012915007790741864,0.021331270549450027,-0.521606010861916,0.0017774161451167573,0.05510881734234128,0.26785173530747125,0.0011667145683163251,0.09035065180370887,0.97272472295871,
25,0.0369960981073481,0.4648865043214836,0.0369960981073481,0.5935665078170069,0.0430874705948911,1.2949258422052634,0.034656651842646,2.620398528858352,0.0013687112751685257,0.017198986722659713,-0.7659619799143453,0.0013687112751685257,0.021959644756433992,-0.521606010861916,0.0018565301222656049,0.05579507914858388,0.25845342880545485,0.0012010835169423784,0.09081423950362567,0.9633264164566936,
26,0.0383633615884916,0.4648865043214836,0.0383633615884916,0.5935665078170069,0.0443567365349225,1.27081295255293,0.0361992425125166,2.595886586126397,0.001471747512369353,0.017834609062894937,-0.7659619799143453,0.001471747512369353,0.022771206566202063,-0.521606010861916,0.001967520076028529,0.056369115321557285,0.23965681580142148,0.001310385158479989,0.09396912806617824,0.9539281099546771,
27,0.0394934652482584,0.4648865043214836,0.0397811549774497,0.5935665078170069,0.0480433406776952,1.27081295255293,0.0367285493785173,2.5716039349811517,0.0015597337973153938,0.01835997900280484,-0.7659619799143453,0.0015825402913398707,0.02361276123689196,-0.521606010861916,0.0023081625834730827,0.06105409961712812,0.23965681580142148,0.0013489863394501836,0.09445128210794462,0.9445298034526606,
28,0.0406568593765591,0.4605378255822416,0.0412513457062274,0.5880141202366509,0.0498188767093638,1.2471490704255346,0.0378104949211373,2.547548430564809,0.0016529802143653016,0.0187240216122835,-0.7753602864163621,0.0017016735225746855,0.02425637375402525,-0.5310043173639322,0.002481920476582791,0.06213156577772738,0.22086020279738897,0.0014296335261813494,0.096324066995222,0.9351314969506438,
29,0.0415518406969911,0.4605378255822416,0.0443567365349225,0.582513671246893,0.0512864356657096,1.235482888256748,0.0386428190895461,2.5237179480831644,0.001726555465308126,0.019136194363531978,-0.7753602864163621,0.001967520076028529,0.025838405443488897,-0.5404026238659487,0.0026302984832929695,0.06336351366466478,0.21146189629537232,0.0014932674671873885,0.09752357610081823,0.9257331904486273,
30,0.0437174974253308,0.4605378255822416,0.045333163421869,0.582513671246893,0.0543525206459284,1.235482888256748,0.0400709403794254,2.4535556813293606,0.0019112195811338052,0.020133561204159094,-0.7753602864163621,0.0020550957058338816,0.026407187454108274,-0.5404026238659487,0.002954196500566073,0.06715160919166614,0.21146189629537232,0.001605680262891465,0.09831628342414928,0.8975382709425779,
31,0.0459960268684848,0.4562298256035173,0.0476959003965659,0.5770646749995909,0.0555489851894869,1.2124768893177305,0.0412513457062274,2.385344006431421,0.0021156344876863756,0.020984759316663517,-0.7847585929183785,0.002274898914639135,0.027523619261157158,-0.5498009303679655,0.003085689755581835,0.06735186076730576,0.19266528329133933,0.0017016735225746855,0.09839865023758006,0.8693433514365281,
32,0.0473509727373161,0.4519621238647764,0.0494585960901295,0.5770646749995909,0.0567717875622203,1.2124768893177305,0.0421594134816503,2.3630308296234905,0.002242114619170053,0.02140084620542051,-0.7941568994203947,0.0024461527272065732,0.028540808678686618,-0.5498009303679655,0.003223035863009872,0.0688344803844479,0.19266528329133933,0.0017774161451167573,0.09962399381598389,0.8599450449345118,
33,0.0494585960901295,0.4519621238647764,0.0512864356657096,0.5716666501913621,0.0588699004947741,1.1787686347935884,0.0440359570721649,2.319028694688307,0.0024461527272065732,0.022353412132265056,-0.7941568994203947,0.0026302984832929695,0.029318744877271003,-0.5591992368699816,0.0034656651842646037,0.06939399223665926,0.1644703637852899,0.0019391655152615499,0.1021206480484129,0.8411484319304788,
34,0.0512864356657096,0.4477343434049801,0.0543525206459284,0.5663191200210695,0.0606040835080586,1.1677421023970544,0.045333163421869,2.2758459260747905,0.0026302984832929695,0.02296269859836824,-0.8035552059224114,0.002954196500566073,0.03078087166312919,-0.5685975433719987,0.00367285493785174,0.070769939889547,0.155072057283273,0.0020550957058338816,0.10317129528974328,0.8223518189264458,
35,0.0527972258113678,0.4477343434049801,0.0559536311835915,0.56102161214771,0.0642272105156587,1.1459975085834575,0.0456633923705379,2.2545570250193454,0.0027875470533765623,0.02363913123225723,-0.8035552059224114,0.003130808842629383,0.03139119637213688,-0.5779958498740149,0.00412513457062274,0.07360422323421012,0.13627544427924007,0.0020851454027856994,0.10295072205521101,0.8129535124244291,
36,0.0551472655180728,0.4393970560760792,0.0576019070582684,0.56102161214771,0.0651663435237114,1.1459975085834575,0.0476959003965659,2.1918777420506537,0.0030412208941208215,0.024231546119287063,-0.8223518189264447,0.003317979696749391,0.03231591476061229,-0.5779958498740149,0.004246652328250362,0.07468046732166699,0.13627544427924007,0.002274898914639135,0.10454358246629773,0.7847585929183796,
37,0.0584441645969485,0.4352868127842624,0.0601658063292736,0.5557736586486881,0.0675746937621902,1.114137457440461,0.0483933118838714,2.17137430293752,0.0034157203754352082,0.025439974133244538,-0.8317501254284613,0.003619924251251659,0.03343857030916878,-0.5873941563760314,0.004566339237053788,0.07528749749552438,0.10808052477319037,0.002341912635089649,0.10507999385867928,0.7753602864163631,
38,0.0606040835080586,0.4352868127842624,0.0623893518926157,0.5505747959784891,0.0705824884155863,1.0933910388478405,0.0494585960901295,2.130941015366799,0.00367285493785174,0.026380158351934108,-0.8317501254284613,0.00389243122958063,0.03435000468950705,-0.5967924628780481,0.004981887670936374,0.07717426033318357,0.08928391176915781,0.0024461527272065732,0.10539335097091695,0.7565636734123302,
39,0.0661192085746123,0.4312150178609188,0.0646950729502112,0.5505747959784891,0.0726616995475386,1.073030940526157,0.0509155419398683,2.091260638402768,0.004371749742533085,0.02851159570645126,-0.8411484319304773,0.004185452464033148,0.035619476590376,-0.5967924628780481,0.00527972258113677,0.07796825180572438,0.07048729876512472,0.002592392411030488,0.1064776687417919,0.7377670604082972,
40,0.0685627738128668,0.4312150178609188,0.0680669409029875,0.545424564927733,0.0753470553918468,1.0530499687831083,0.0516600311629674,2.052319152053096,0.004700853952914333,0.029565297734309492,-0.8411484319304773,0.0046331084438907925,0.037125381627973665,-0.6061907693800642,0.00567717875622203,0.07934421432828341,0.05169068576109116,0.002668758819758763,0.10602287135141777,0.7189704474042641,
41,0.0721362239881372,0.4271813116492262,0.0700720493147246,0.540322510582612,0.0781316538365271,1.0334410638805571,0.0527972258113678,2.0331211831301257,0.0052036348112667,0.03081524678067482,-0.8505467384324941,0.004910092095165197,0.0378615056074006,-0.6155890758820808,0.006104555331230901,0.08074445946356798,0.03289407275705874,0.0027875470533765623,0.10734315820759652,0.7095721409022475,
42,0.0737241620135003,0.4231853378566944,0.0737241620135003,0.5352681822847108,0.0798515695356346,1.0237739663395855,0.0547484510067412,1.9581084190003144,0.0054352520645928395,0.031198984409884795,-0.8599450449345102,0.0054352520645928395,0.03946219819142983,-0.6249873823840975,0.0063762731573042885,0.08174995806193786,0.02349576625504177,0.002997392887637542,0.10720340284352618,0.6719789148941815,
43,0.0758959202185918,0.419226743523692,0.0775666206104621,0.5253009222353973,0.0840133848952572,0.97677811008949,0.0567717875622203,1.885863278772652,0.005760190705826852,0.031817599479974173,-0.8693433514365267,0.006016580632927364,0.04074581734135892,-0.6437839953881308,0.0070582488415586305,0.08206243532021024,-0.023495766255040285,0.003223035863009872,0.10706382943387324,0.6343856888861158,
44,0.0834058161114282,0.4114202978752844,0.0792740982071065,0.5253009222353973,0.0864882418892285,0.9585894679172928,0.0597306986874955,1.8334341067540636,0.006956530161213375,0.03431484570909498,-0.8881399644405601,0.006284382646549966,0.0416427568975725,-0.6437839953881308,0.0074802159850897,0.08290671777369767,-0.04229237925907359,0.0035677563656963764,0.10951230019390443,0.6061907693800661,
45,0.0871182645709794,0.4075717570257837,0.0822038282333556,0.5155192631169419,0.0877528766462809,0.9496225531971564,0.0601658063292736,1.8162836499313189,0.0075895920218591656,0.03550694416023115,-0.8975382709425765,0.006757469376219032,0.04237765695625114,-0.6625806083921635,0.007700567359697391,0.08333211077123638,-0.05169068576109003,0.003619924251251659,0.1092781703207939,0.5967924628780495,
46,0.0929990547743516,0.3999823395608937,0.0864882418892285,0.5059197488435827,0.0903378911743815,0.9232219520747316,0.061938163993205,1.765788871763321,0.008648824188922847,0.03719797950559685,-0.9163348839466092,0.0074802159850897,0.04375610961452151,-0.6813772213961967,0.008160934581834395,0.08340192423632715,-0.07988560526713988,0.0038363361588491566,0.10936972071665302,0.568597543372,
47,0.094358890914752,0.3999823395608937,0.0903378911743815,0.4918545969111564,0.0957386106371224,0.8891593339164646,0.0637627315730428,1.7166979066078616,0.008903600294662067,0.03774188994645366,-0.9163348839466092,0.008160934581834395,0.044433107049379326,-0.7095721409022462,0.009165881566726526,0.0851268792641915,-0.11747883127520574,0.004065685937655909,0.10946134781104157,0.5404026238659501,
48,0.0992768190633117,0.3888623696663191,0.0936765054035861,0.4872536510706061,0.0978461090882629,0.872602246086974,0.0646950729502112,1.684731174738544,0.00985588680332953,0.038605019113893795,-0.9445298034526591,0.008775287664628097,0.04564421927743269,-0.7189704474042626,0.009573861063712243,0.08538073456128928,-0.13627544427923877,0.004185452464033148,0.10899380625120511,0.5216060108619174,
49,0.1036956964412197,0.3816213407949358,0.0985588680332954,0.4826957437677873,0.1007284489405599,0.8404072608554045,0.0661192085746123,1.6378937069540656,0.010752797460429585,0.039572490710562916,-0.963326416456692,0.009713850468004537,0.04757394611024272,-0.7283687539062794,0.010146220425970983,0.08465291986434942,-0.1738686702873047,0.004371749742533085,0.10829623563314078,0.4934110913558678,
50,0.1098949928681368,0.3745151475446006,0.1036956964412197,0.4692762459348841,0.105211939331719,0.809400121608313,0.0680669409029875,1.5923583747395558,0.012076909457487838,0.04115733946842308,-0.9821230294607252,0.010752797460429585,0.0486619271455389,-0.7565636734123287,0.01106955217794132,0.08515855648973981,-0.2114618962953708,0.0046331084438907925,0.10838696338977456,0.4652161718498183,
51,0.1156226532250209,0.3641031949310677,0.1067503527903506,0.4605378255822416,0.1075279746042958,0.7722449945836264,0.0695653016121338,1.5627069765469963,0.013368597938793435,0.042098577445637025,-1.0103179489667746,0.011395637820864314,0.04916257535420524,-0.7753602864163621,0.011562265322502084,0.08303794016588273,-0.2584534288054534,0.004839331188387145,0.1087101821548775,0.44641955884578505,
52,0.1190286525470601,0.3606972715326292,0.1106955217794131,0.4519621238647764,0.1098949928681368,0.7578649754875137,0.0700720493147246,1.5480889772258646,0.014167820127168758,0.04293331020792992,-1.0197162554687913,0.012253498542016518,0.05003018312574316,-0.7941568994203947,0.012076909457487838,0.08328556607621099,-0.27725004180948637,0.004910092095165197,0.10847776715575236,0.4370212523437687,
53,0.1234275902232736,0.3539807065967159,0.1156226532250209,0.4435461107892896,0.1115018821350624,0.743752727565905,0.0726616995475386,1.477024690158486,0.015234370028324343,0.04369098560076429,-1.0385128684728244,0.013368597938793435,0.05128397815709673,-0.8129535124244274,0.012432669719661348,0.08292982896668472,-0.29604665481351955,0.00527972258113677,0.10732312426059219,0.39002971983368606,
54,0.1289214345203949,0.344139635101067,0.1181678600226429,0.4312150178609188,0.1147864922384044,0.7230755447967359,0.0737241620135003,1.463208186973903,0.01662073627879647,0.0443669754325548,-1.0667077879788738,0.013963643142330926,0.050955755870250516,-0.8411484319304773,0.013175938800397273,0.08299930541059056,-0.324241574319569,0.0054352520645928395,0.10787379743594407,0.3806314133316697,
55,0.1317593880039728,0.3377313908791012,0.1225349854201652,0.4231853378566944,0.1181678600226429,0.7029732115325475,0.0758959202185918,1.409222575337463,0.01736053632718145,0.044499281371960894,-1.0855044009829065,0.015014822651920097,0.051855009204297725,-0.8599450449345102,0.013963643142330926,0.08306884006004582,-0.35243649382561887,0.005760190705826852,0.10695424414805056,0.3430381873236035,
56,0.1366288150174086,0.3252706652846517,0.1270635065155873,0.4114202978752844,0.1225349854201652,0.6644296119083406,0.0770056735969739,1.396040312150077,0.018667433093061254,0.044441345557766104,-1.1230976269909725,0.016145134688036692,0.05227650569972106,-0.8881399644405601,0.015014822651920097,0.08141587280791453,-0.4088263328377177,0.005929873766123683,0.10750302460564638,0.33363988082158713,
57,0.1479843924293927,0.3103392703374392,0.134659813488463,0.3888623696663191,0.126144607458979,0.639915233634927,0.0792740982071065,1.344532884299762,0.0218993804026965,0.045925368367866995,-1.170089159501055,0.018133265368747643,0.05236413417194829,-0.9445298034526591,0.015912461990979905,0.0807218559538987,-0.44641955884578355,0.006284382646549966,0.10658663191266349,0.2960466548135209,
58,0.1523437002832434,0.3045604246796149,0.1406536115286479,0.3780515477471078,0.1289214345203949,0.616305322488446,0.0822038282333556,1.2949258422052634,0.023208603015990696,0.04639786205552858,-1.1888857725050883,0.01978343843605179,0.05317431553462578,-0.9727247229587084,0.01662073627879647,0.07945496627776506,-0.4840127848538501,0.006757469376219032,0.10644786150757482,0.25845342880545485,
59,0.1602837615177018,0.2825012723473891,0.1437498259657624,0.3710118278213741,0.1317593880039728,0.5991713244237786,0.0840133848952572,1.2471490704255346,0.025690884206263503,0.045280366565376234,-1.2640722245212208,0.02066401246518698,0.05333288568056194,-0.9915213359627418,0.01736053632718145,0.07894644701560691,-0.5122077043598995,0.0070582488415586305,0.10477721487542266,0.22086020279738897,
60,0.1650053828249098,0.2695331860097615,0.1490623831682386,0.3539807065967159,0.1366288150174086,0.5770646749995909,0.0871182645709794,1.1787686347935884,0.027226776361195044,0.04447442654155832,-1.3110637570313035,0.022219594075794786,0.052765207720883514,-1.0385128684728244,0.018667433093061254,0.07884366273360012,-0.5498009303679655,0.0075895920218591656,0.10269227779392003,0.1644703637852899,
61,0.1748699897013233,0.2571603934981149,0.1556972491832255,0.344139635101067,0.1396364314233092,0.5557736586486881,0.0883921115465216,1.1459975085834575,0.03057951329814092,0.04496963536260361,-1.358055289541386,0.024241633403223415,0.053581594520155124,-1.0667077879788738,0.019498332980636534,0.0776062503727792,-0.5873941563760314,0.007813165383652718,0.10129713961074482,0.13627544427924007,
62,0.1813326536874764,0.2500110382617932,0.1626274375062367,0.3283420690826656,0.1447969700500667,0.530261133591199,0.0903378911743815,1.114137457440461,0.032881531293342245,0.04533516501917216,-1.386250209047435,0.026447683429844927,0.05339742932040965,-1.1136993204889563,0.020966162535679914,0.07678020547931926,-0.634385688886114,0.008160934581834395,0.10064882838355846,0.10808052477319037,
63,0.1800212905040177,0.2254557025019344,0.1662073627879646,0.322227992259142,0.1490623831682386,0.5155192631169419,0.0936765054035861,1.073030940526157,0.03240766503473193,0.040586826515888116,-1.4896315805696172,0.027624887444930083,0.05355666480985267,-1.1324959334929894,0.022219594075794786,0.07684452992934561,-0.6625806083921635,0.008775287664628097,0.10051778869841363,0.07048729876512472,
64,0.1894038909492646,0.2151062658744056,0.1723498823795645,0.3045604246796149,0.1568314241453816,0.4781804724081485,0.0964360175320153,1.0334410638805571,0.035873833906720914,0.04074196372417944,-1.5366231130797,0.02970448195624972,0.05249095337100185,-1.1888857725050883,0.02459609559946858,0.07499372448628128,-0.7377670604082954,0.009299905477435163,0.09966094055468995,0.03289407275705874,
65,0.1964036838066082,0.2151062658744056,0.1774269461396901,0.2851688214793474,0.1579738609930336,0.4648865043214836,0.0978461090882629,1.0047102115864666,0.03857440701280613,0.04224766302761695,-1.5366231130797,0.03148032121645649,0.05059663312933507,-1.2546739180192041,0.0249557407570463,0.07343991601121937,-0.7659619799143453,0.009573861063712243,0.09830698496498111,0.004699153251009185,
66,0.2127273065737429,0.2151062658744056,0.1839841074739394,0.2746474114816054,0.1626274375062367,0.4393970560760792,0.1007284489405599,0.97677811008949,0.04525290696211919,0.04575897656659773,-1.5366231130797,0.033850151802982086,0.05053075887147094,-1.29226714402727,0.026447683429844927,0.07145801727743696,-0.8223518189264447,0.010146220425970983,0.09838934398840579,-0.023495766255040285,
67,0.2254448992686128,0.1903670748843426,0.1880341581165737,0.2670118969970132,0.1686376539266015,0.4114202978752844,0.1029457889323907,0.940739517512091,0.05082540260623497,0.042917286021361085,-1.658801097605914,0.03535684461860864,0.050207357258942674,-1.3204620635333195,0.02843865832186821,0.06938095381147151,-0.8881399644405601,0.010597835458912337,0.09684517181015878,-0.06108899226310655,
68,0.2320860301599069,0.1833434106754062,0.1921733627107807,0.2571603934981149,0.1774269461396901,0.3780515477471078,0.105211939331719,0.9145858750166368,0.05386392539538521,0.04255144433963252,-1.6963943236139805,0.036930601335569274,0.04941937757456033,-1.358055289541386,0.03148032121645649,0.06707653160015258,-0.9727247229587084,0.01106955217794132,0.09622535359589753,-0.0892839117691561,
69,0.2495574075704631,0.1577463007923969,0.1978343843605181,0.2476723648940823,0.1787194108491125,0.3675412791333478,0.1083112609961063,0.872602246086974,0.062278899673290235,0.03936675787958106,-1.8467672276462448,0.039138443635305206,0.04899810983193436,-1.3956485155494518,0.03194062781425387,0.06568676086944111,-1.0009196424647584,0.011731329258566658,0.09451264962171482,-0.13627544427923877,
70,0.2532064466143797,0.1533607718770012,0.2036621677594735,0.2385344006431421,0.1826535694821519,0.3506694717930175,0.1115018821350624,0.8483428982440726,0.0641135046070807,0.038831936097013964,-1.8749621471522941,0.04147827857648792,0.048580433120189066,-1.4332417415575176,0.03336232644457129,0.06405103073141542,-1.0479111749748409,0.012432669719661348,0.09459182985012782,-0.16447036378528834,
71,,,0.2081453924506678,0.2319028694688307,0.1839841074739394,0.3345721567317598,0.1123141164141796,0.8325458556444263,,,,0.043324504398442515,0.04826951377602575,-1.461436661063567,0.033850151802982086,0.061555959641923785,-1.0949027074849236,0.012614460745897888,0.09350665215099085,-0.18326697678932113,
72,,,,,0.1880341581165737,0.3132696828071684,0.1164649052174859,0.7943282347242822,,,,,,,0.03535684461860864,0.05890540107009199,-1.1606908529990392,0.013564074147317974,0.0925113625687364,-0.23025850929940375,
73,,,,,0.1921733627107807,0.2933235542513632,0.1181678600226429,0.7650211983275202,,,,,,,0.036930601335569274,0.05636897378276258,-1.2264789985131543,0.013963643142330926,0.09040091787832094,-0.26785173530747,
74,,,,,0.1949833298063654,0.2825012723473891,0.1207690945748784,0.7507756939629213,,,,,,,0.038018498902377865,0.05508303875682882,-1.2640722245212208,0.014585174204435924,0.09067050078872801,-0.286648348311503,
75,,,,,0.2036621677594735,0.2500110382617932,0.1234275902232736,0.7230755447967359,,,,,,,0.04147827857648792,0.050917790016193475,-1.386250209047435,0.015234370028324343,0.08924747204364182,-0.324241574319569,
76,,,,,0.2096616253567989,0.2340926376529169,0.126144607458979,0.6963974029624325,,,,,,,0.04395799714725469,0.04908024289437074,-1.452038354561551,0.015912461990979905,0.08784677703214847,-0.361834800327635,
77,,,,,0.21583781431203,0.2130941015366798,0.1298605613443133,0.6644296119083406,,,,,,,0.046585962086994344,0.04599376511846276,-1.546021419581716,0.01686376539266016,0.08628320237620135,-0.4088263328377177,
78,,,,,,,0.132719187869976,0.6459577031495796,,,,,,,,,,0.017614382828865984,0.08573098176036724,-0.43702125234376743,
79,,,,,,,0.134659813488463,0.6279993347374206,,,,,,,,,,0.018133265368747643,0.08456627328661992,-0.4652161718498169,
80,,,,,,,0.1376240861729024,0.5991713244237786,,,,,,,,,,0.018940389094926464,0.08246040598483016,-0.5122077043598995,
81,,,,,,,0.1406536115286479,0.5770646749995909,,,,,,,,,,0.01978343843605179,0.08116623062429791,-0.5498009303679655,
82,,,,,,,0.1437498259657624,0.5557736586486881,,,,,,,,,,0.02066401246518698,0.07989236670710397,-0.5873941563760314,
83,,,,,,,0.1490623831682386,0.530261133591199,,,,,,,,,,0.022219594075794786,0.07904198827459587,-0.634385688886114,
84,,,,,,,0.1523437002832434,0.5106969513519266,,,,,,,,,,0.023208603015990696,0.07780146329232404,-0.67197891489418,
85,,,,,,,0.1523437002832434,0.5011872336272728,,,,,,,,,,0.023208603015990696,0.07635271770550113,-0.6907755278982127,
86,,,,,,,0.1568314241453816,0.4826957437677873,,,,,,,,,,0.02459609559946858,0.07570186092401628,-0.7283687539062794,
87,,,,,,,0.1591246199097989,0.4692762459348841,,,,,,,,,,0.025320644661437967,0.07467340426708574,-0.7565636734123287,
88,,,,,,,0.161451346880367,0.4519621238647764,,,,,,,,,,0.02606653740948459,0.0729698936368794,-0.7941568994203947,
89,,,,,,,0.1662073627879646,0.4352868127842624,,,,,,,,,,0.027624887444930083,0.07234787320925073,-0.8317501254284613,
90,,,,,,,0.1686376539266015,0.4153051789922715,,,,,,,,,,0.02843865832186821,0.07003609104882397,-0.8787416579385439,
91,,,,,,,0.1711034808857909,0.3925342450813759,,,,,,,,,,0.029276401171234208,0.06716397570029956,-0.9351314969506425,
92,,,,,,,0.1761438282886598,0.3675412791333478,,,,,,,,,,0.031026648244184867,0.06474012796065878,-1.0009196424647584,
93,,,,,,,0.1800212905040177,0.3539807065967159,,,,,,,,,,0.03240766503473193,0.06372406361506484,-1.0385128684728244,
94,,,,,,,0.1853243377556319,0.3192137812504331,,,,,,,,,,0.03434511016456353,0.059158082612707656,-1.1418942399950065,
95,,,,,,,0.1880341581165737,0.3045604246796149,,,,,,,,,,0.03535684461860864,0.05726776305025755,-1.1888857725050883,
96,,,,,,,0.1949833298063654,0.2851688214793474,,,,,,,,,,0.038018498902377865,0.05560316636900013,-1.2546739180192041,
97,,,,,,,0.1978343843605181,0.2720782825695043,,,,,,,,,,0.039138443635305206,0.05382643953000496,-1.301665450529287,
98,,,,,,,0.202189321786991,0.2620398528858351,,,,,,,,,,0.040880521844683396,0.0529816601361499,-1.3392586765373524,
99,,,,,,,0.2142769163847609,0.2363030829623489,,,,,,,,,,0.045914596895361814,0.05063429594938445,-1.4426400480595345,
100,,,,,,,0.2205890620722913,0.2254557025019344,,,,,,,,,,0.04865953430593318,0.04973306195375125,-1.4896315805696172,
101,,,,,,,0.2270871502488812,0.2111007595484823,,,,,,,,,,0.05156857380815795,0.047938269901239144,-1.5554197260837321,
102,,,,,,,0.2354796019790963,0.188586327877265,,,,,,,,,,0.05545064294823361,0.044408233427237716,-1.6681994041079309,
